vehicle No.,Time,state
1,1,n11
1,2,n4
1,4,n2
1,4,n3
1,5,n5
1,5,n7_1[1]
1,5,n9_2[1]
1,6,n1
1,6,n4
1,6,n6
1,6,n2_1[1]
1,6,n3_2[1]
1,7,n5
1,7,n3
1,7,n4
1,7,n5_1[1]
1,8,n2
1,8,n3
1,8,n1_1[1]
1,8,n4_1[1]
1,8,n1_2[1]
1,8,n4_2[1]
1,8,n6
1,8,n6_1[1]
1,9,n8_1[2]
1,9,n1
1,9,n4
1,9,n2
1,9,n3
1,9,n5
1,9,n5_1[1]
1,9,n5_2[1]
1,9,n3_1[1]
1,9,n4_1[1]
1,10,n1_1[2]
1,10,n1
1,10,n4
1,10,n2_1[1]
1,10,n3_1[1]
1,10,n2_2[1]
1,10,n3_2[1]
1,10,n5
1,10,n6
1,10,n6_1[1]
1,10,n6_2[1]
1,11,n10_2[2]
1,11,n5_1[2]
1,11,n2
1,11,n3
1,11,n1
1,11,n4
1,11,n1_1[1]
1,11,n4_1[1]
1,11,n2_1[1]
1,11,n3_1[1]
1,11,n5
1,11,n5_1[1]
1,11,n5_2[1]
1,11,n6
1,11,n3_2[1]
1,11,n4_2[1]
1,12,n6_2[2]
1,12,n2_1[2]
1,12,n3_1[2]
1,12,n6_1[2]
1,12,n2
1,12,n3
1,12,n1_1[1]
1,12,n4_1[1]
1,12,n1_2[1]
1,12,n4_2[1]
1,12,n5
1,12,n5_1[1]
1,12,n6
1,12,n6_1[1]
1,12,n6_2[1]
1,12,n4
1,13,n3_2[2]
1,13,n4_2[2]
1,13,n10_2[2]
1,13,n5_1[2]
1,13,n3_1[2]
1,13,n4_1[2]
1,13,n1
1,13,n4
1,13,n2
1,13,n3
1,13,n2_1[1]
1,13,n3_1[1]
1,13,n1_1[1]
1,13,n4_1[1]
1,13,n1_2[1]
1,13,n4_2[1]
1,13,n2_2[1]
1,13,n3_2[1]
1,13,n5
1,13,n5_1[1]
1,13,n5_2[1]
1,13,n6
1,13,n6_1[1]
1,14,n6_2[2]
1,14,n1_1[2]
1,14,n4_1[2]
1,14,n6_1[2]
1,14,n1
1,14,n4
1,14,n2_1[1]
1,14,n3_1[1]
1,14,n2_2[1]
1,14,n3_2[1]
1,14,n2
1,14,n3
1,14,n5
1,14,n5_1[1]
1,14,n5_2[1]
1,14,n6
1,14,n6_1[1]
1,14,n6_2[1]
1,14,n4_1[1]
1,15,n1_2[2]
1,15,n4_2[2]
1,15,n2_2[2]
1,15,n3_2[2]
1,15,n1_1[2]
1,15,n4_1[2]
1,15,n2_1[2]
1,15,n3_1[2]
1,15,n5_1[2]
1,15,n2
1,15,n3
1,15,n1
1,15,n4
1,15,n1_1[1]
1,15,n4_1[1]
1,15,n2_1[1]
1,15,n3_1[1]
1,15,n2_2[1]
1,15,n3_2[1]
1,15,n1_2[1]
1,15,n4_2[1]
1,15,n5
1,15,n5_1[1]
1,15,n5_2[1]
1,15,n6
1,15,n6_1[1]
1,15,n6_2[1]
1,16,n5_2[2]
1,16,n2_1[2]
1,16,n3_1[2]
1,16,n5_1[2]
1,16,n6_1[2]
1,16,n2
1,16,n3
1,16,n1_1[1]
1,16,n4_1[1]
1,16,n1_2[1]
1,16,n4_2[1]
1,16,n1
1,16,n4
1,16,n2_1[1]
1,16,n3_1[1]
1,16,n5
1,16,n5_1[1]
1,16,n5_2[1]
1,16,n6
1,16,n6_1[1]
1,16,n6_2[1]
1,16,n3_2[1]
1,17,n2_2[2]
1,17,n3_2[2]
1,17,n1_2[2]
1,17,n4_2[2]
1,17,n6_2[2]
1,17,n2_1[2]
1,17,n3_1[2]
1,17,n1_1[2]
1,17,n4_1[2]
1,17,n5_1[2]
1,17,n6_1[2]
1,17,n1
1,17,n4
1,17,n2
1,17,n3
1,17,n2_1[1]
1,17,n3_1[1]
1,17,n1_1[1]
1,17,n4_1[1]
1,17,n1_2[1]
1,17,n4_2[1]
1,17,n2_2[1]
1,17,n3_2[1]
1,17,n5
1,17,n5_1[1]
1,17,n5_2[1]
1,17,n6
1,17,n6_1[1]
1,17,n6_2[1]
1,18,n5_2[2]
1,18,n3_2[2]
1,18,n4_2[2]
1,18,n1_1[2]
1,18,n4_1[2]
1,18,n5_1[2]
1,18,n6_1[2]
1,18,n3_1[2]
1,18,n1
1,18,n4
1,18,n2_1[1]
1,18,n3_1[1]
1,18,n2_2[1]
1,18,n3_2[1]
1,18,n2
1,18,n3
1,18,n1_1[1]
1,18,n4_1[1]
1,18,n1_2[1]
1,18,n4_2[1]
1,18,n5
1,18,n5_1[1]
1,18,n5_2[1]
1,18,n6
1,18,n6_1[1]
1,18,n6_2[1]
1,19,n1_2[2]
1,19,n4_2[2]
1,19,n2_2[2]
1,19,n3_2[2]
1,19,n6_2[2]
1,19,n1_1[2]
1,19,n4_1[2]
1,19,n2_1[2]
1,19,n3_1[2]
1,19,n5_1[2]
1,19,n6_1[2]
1,19,n2
1,19,n3
1,19,n1
1,19,n4
1,19,n1_1[1]
1,19,n4_1[1]
1,19,n2_1[1]
1,19,n3_1[1]
1,19,n2_2[1]
1,19,n3_2[1]
1,19,n1_2[1]
1,19,n4_2[1]
1,19,n5
1,19,n5_1[1]
1,19,n5_2[1]
1,19,n6
1,19,n6_1[1]
1,19,n6_2[1]
1,20,n1_2[2]
1,20,n4_2[2]
1,20,n2_2[2]
1,20,n3_2[2]
1,20,n5_2[2]
1,20,n2_1[2]
1,20,n3_1[2]
1,20,n1_1[2]
1,20,n4_1[2]
1,20,n5_1[2]
1,20,n6_1[2]
1,20,n2
1,20,n3
1,20,n1_1[1]
1,20,n4_1[1]
1,20,n1_2[1]
1,20,n4_2[1]
1,20,n1
1,20,n4
1,20,n2_1[1]
1,20,n3_1[1]
1,20,n2_2[1]
1,20,n3_2[1]
1,20,n5
1,20,n5_1[1]
1,20,n5_2[1]
1,20,n6
1,20,n6_1[1]
1,20,n6_2[1]
1,21,n2_2[2]
1,21,n3_2[2]
1,21,n1_2[2]
1,21,n4_2[2]
1,21,n5_2[2]
1,21,n6_2[2]
1,21,n2_1[2]
1,21,n3_1[2]
1,21,n1_1[2]
1,21,n4_1[2]
1,21,n5_1[2]
1,21,n6_1[2]
1,21,n1
1,21,n4
1,21,n2
1,21,n3
1,21,n2_1[1]
1,21,n3_1[1]
1,21,n1_1[1]
1,21,n4_1[1]
1,21,n1_2[1]
1,21,n4_2[1]
1,21,n2_2[1]
1,21,n3_2[1]
1,21,n5
1,21,n5_1[1]
1,21,n5_2[1]
1,21,n6
1,21,n6_1[1]
1,21,n6_2[1]
1,22,n2_2[2]
1,22,n3_2[2]
1,22,n1_2[2]
1,22,n4_2[2]
1,22,n5_2[2]
1,22,n6_2[2]
1,22,n1_1[2]
1,22,n4_1[2]
1,22,n2_1[2]
1,22,n3_1[2]
1,22,n5_1[2]
1,22,n6_1[2]
1,22,n1
1,22,n4
1,22,n2_1[1]
1,22,n3_1[1]
1,22,n2_2[1]
1,22,n3_2[1]
1,22,n2
1,22,n3
1,22,n1_1[1]
1,22,n4_1[1]
1,22,n1_2[1]
1,22,n4_2[1]
1,22,n5
1,22,n5_1[1]
1,22,n5_2[1]
1,22,n6
1,22,n6_1[1]
1,22,n6_2[1]
1,23,n1_2[2]
1,23,n4_2[2]
1,23,n2_2[2]
1,23,n3_2[2]
1,23,n5_2[2]
1,23,n6_2[2]
1,23,n1_1[2]
1,23,n4_1[2]
1,23,n2_1[2]
1,23,n3_1[2]
1,23,n5_1[2]
1,23,n6_1[2]
1,23,n2
1,23,n3
1,23,n1
1,23,n4
1,23,n1_1[1]
1,23,n4_1[1]
1,23,n2_1[1]
1,23,n3_1[1]
1,23,n2_2[1]
1,23,n3_2[1]
1,23,n1_2[1]
1,23,n4_2[1]
1,23,n5
1,23,n5_1[1]
1,23,n5_2[1]
1,23,n6
1,23,n6_1[1]
1,23,n6_2[1]
1,24,n1_2[2]
1,24,n4_2[2]
1,24,n2_2[2]
1,24,n3_2[2]
1,24,n5_2[2]
1,24,n6_2[2]
1,24,n2_1[2]
1,24,n3_1[2]
1,24,n1_1[2]
1,24,n4_1[2]
1,24,n5_1[2]
1,24,n6_1[2]
1,24,n2
1,24,n3
1,24,n1_1[1]
1,24,n4_1[1]
1,24,n1_2[1]
1,24,n4_2[1]
1,24,n1
1,24,n4
1,24,n2_1[1]
1,24,n3_1[1]
1,24,n2_2[1]
1,24,n3_2[1]
1,24,n5
1,24,n5_1[1]
1,24,n5_2[1]
1,24,n6
1,24,n6_1[1]
1,24,n6_2[1]
1,25,n2_2[2]
1,25,n3_2[2]
1,25,n1_2[2]
1,25,n4_2[2]
1,25,n5_2[2]
1,25,n6_2[2]
1,25,n2_1[2]
1,25,n3_1[2]
1,25,n1_1[2]
1,25,n4_1[2]
1,25,n5_1[2]
1,25,n6_1[2]
1,25,n1
1,25,n4
1,25,n2
1,25,n3
1,25,n2_1[1]
1,25,n3_1[1]
1,25,n1_1[1]
1,25,n4_1[1]
1,25,n1_2[1]
1,25,n4_2[1]
1,25,n2_2[1]
1,25,n3_2[1]
1,25,n5
1,25,n5_1[1]
1,25,n5_2[1]
1,25,n6
1,25,n6_1[1]
1,25,n6_2[1]
1,26,n2_2[2]
1,26,n3_2[2]
1,26,n1_2[2]
1,26,n4_2[2]
1,26,n5_2[2]
1,26,n6_2[2]
1,26,n1_1[2]
1,26,n4_1[2]
1,26,n2_1[2]
1,26,n3_1[2]
1,26,n5_1[2]
1,26,n6_1[2]
1,26,n1
1,26,n4
1,26,n2_1[1]
1,26,n3_1[1]
1,26,n2_2[1]
1,26,n3_2[1]
1,26,n2
1,26,n3
1,26,n1_1[1]
1,26,n4_1[1]
1,26,n1_2[1]
1,26,n4_2[1]
1,26,n5
1,26,n5_1[1]
1,26,n5_2[1]
1,26,n6
1,26,n6_1[1]
1,26,n6_2[1]
1,27,n1_2[2]
1,27,n4_2[2]
1,27,n2_2[2]
1,27,n3_2[2]
1,27,n5_2[2]
1,27,n6_2[2]
1,27,n1_1[2]
1,27,n4_1[2]
1,27,n2_1[2]
1,27,n3_1[2]
1,27,n5_1[2]
1,27,n6_1[2]
1,27,n2
1,27,n3
1,27,n1
1,27,n4
1,27,n1_1[1]
1,27,n4_1[1]
1,27,n2_1[1]
1,27,n3_1[1]
1,27,n2_2[1]
1,27,n3_2[1]
1,27,n1_2[1]
1,27,n4_2[1]
1,27,n5
1,27,n5_1[1]
1,27,n5_2[1]
1,27,n6
1,27,n6_1[1]
1,27,n6_2[1]
1,28,n1_2[2]
1,28,n4_2[2]
1,28,n2_2[2]
1,28,n3_2[2]
1,28,n5_2[2]
1,28,n6_2[2]
1,28,n2_1[2]
1,28,n3_1[2]
1,28,n1_1[2]
1,28,n4_1[2]
1,28,n5_1[2]
1,28,n6_1[2]
1,28,n2
1,28,n3
1,28,n1_1[1]
1,28,n4_1[1]
1,28,n1_2[1]
1,28,n4_2[1]
1,28,n1
1,28,n4
1,28,n2_1[1]
1,28,n3_1[1]
1,28,n2_2[1]
1,28,n3_2[1]
1,28,n5
1,28,n5_1[1]
1,28,n5_2[1]
1,28,n6
1,28,n6_1[1]
1,28,n6_2[1]
1,29,n2_2[2]
1,29,n3_2[2]
1,29,n1_2[2]
1,29,n4_2[2]
1,29,n5_2[2]
1,29,n6_2[2]
1,29,n2_1[2]
1,29,n3_1[2]
1,29,n1_1[2]
1,29,n4_1[2]
1,29,n5_1[2]
1,29,n6_1[2]
1,29,n1
1,29,n4
1,29,n2
1,29,n3
1,29,n2_1[1]
1,29,n3_1[1]
1,29,n1_1[1]
1,29,n4_1[1]
1,29,n1_2[1]
1,29,n4_2[1]
1,29,n2_2[1]
1,29,n3_2[1]
1,29,n5
1,29,n5_1[1]
1,29,n5_2[1]
1,29,n6
1,29,n6_1[1]
1,29,n6_2[1]
1,30,n2_2[2]
1,30,n3_2[2]
1,30,n1_2[2]
1,30,n4_2[2]
1,30,n5_2[2]
1,30,n6_2[2]
1,30,n1_1[2]
1,30,n4_1[2]
1,30,n2_1[2]
1,30,n3_1[2]
1,30,n5_1[2]
1,30,n6_1[2]
1,30,n1
1,30,n4
1,30,n2_1[1]
1,30,n3_1[1]
1,30,n2_2[1]
1,30,n3_2[1]
1,30,n2
1,30,n3
1,30,n1_1[1]
1,30,n4_1[1]
1,30,n1_2[1]
1,30,n4_2[1]
1,30,n5
1,30,n5_1[1]
1,30,n5_2[1]
1,30,n6
1,30,n6_1[1]
1,30,n6_2[1]
1,31,n1_2[2]
1,31,n4_2[2]
1,31,n2_2[2]
1,31,n3_2[2]
1,31,n5_2[2]
1,31,n6_2[2]
1,31,n1_1[2]
1,31,n4_1[2]
1,31,n2_1[2]
1,31,n3_1[2]
1,31,n5_1[2]
1,31,n6_1[2]
1,31,n2
1,31,n3
1,31,n1
1,31,n4
1,31,n1_1[1]
1,31,n4_1[1]
1,31,n2_1[1]
1,31,n3_1[1]
1,31,n2_2[1]
1,31,n3_2[1]
1,31,n1_2[1]
1,31,n4_2[1]
1,31,n5
1,31,n5_1[1]
1,31,n5_2[1]
1,31,n6
1,31,n6_1[1]
1,31,n6_2[1]
1,32,n1_2[2]
1,32,n4_2[2]
1,32,n2_2[2]
1,32,n3_2[2]
1,32,n5_2[2]
1,32,n6_2[2]
1,32,n2_1[2]
1,32,n3_1[2]
1,32,n1_1[2]
1,32,n4_1[2]
1,32,n5_1[2]
1,32,n6_1[2]
1,32,n2
1,32,n3
1,32,n1_1[1]
1,32,n4_1[1]
1,32,n1_2[1]
1,32,n4_2[1]
1,32,n1
1,32,n4
1,32,n2_1[1]
1,32,n3_1[1]
1,32,n2_2[1]
1,32,n3_2[1]
1,32,n5
1,32,n5_1[1]
1,32,n5_2[1]
1,32,n6
1,32,n6_1[1]
1,32,n6_2[1]
1,33,n2_2[2]
1,33,n3_2[2]
1,33,n1_2[2]
1,33,n4_2[2]
1,33,n5_2[2]
1,33,n6_2[2]
1,33,n2_1[2]
1,33,n3_1[2]
1,33,n1_1[2]
1,33,n4_1[2]
1,33,n5_1[2]
1,33,n6_1[2]
1,33,n1
1,33,n4
1,33,n2
1,33,n3
1,33,n2_1[1]
1,33,n3_1[1]
1,33,n1_1[1]
1,33,n4_1[1]
1,33,n1_2[1]
1,33,n4_2[1]
1,33,n2_2[1]
1,33,n3_2[1]
1,33,n5
1,33,n5_1[1]
1,33,n5_2[1]
1,33,n6
1,33,n6_1[1]
1,33,n6_2[1]
1,34,n2_2[2]
1,34,n3_2[2]
1,34,n1_2[2]
1,34,n4_2[2]
1,34,n5_2[2]
1,34,n6_2[2]
1,34,n1_1[2]
1,34,n4_1[2]
1,34,n2_1[2]
1,34,n3_1[2]
1,34,n5_1[2]
1,34,n6_1[2]
1,34,n1
1,34,n4
1,34,n2_1[1]
1,34,n3_1[1]
1,34,n2_2[1]
1,34,n3_2[1]
1,34,n2
1,34,n3
1,34,n1_1[1]
1,34,n4_1[1]
1,34,n1_2[1]
1,34,n4_2[1]
1,34,n5
1,34,n5_1[1]
1,34,n5_2[1]
1,34,n6
1,34,n6_1[1]
1,34,n6_2[1]
1,35,n1_2[2]
1,35,n4_2[2]
1,35,n2_2[2]
1,35,n3_2[2]
1,35,n5_2[2]
1,35,n6_2[2]
1,35,n1_1[2]
1,35,n4_1[2]
1,35,n2_1[2]
1,35,n3_1[2]
1,35,n5_1[2]
1,35,n6_1[2]
1,35,n2
1,35,n3
1,35,n1
1,35,n4
1,35,n1_1[1]
1,35,n4_1[1]
1,35,n2_1[1]
1,35,n3_1[1]
1,35,n2_2[1]
1,35,n3_2[1]
1,35,n1_2[1]
1,35,n4_2[1]
1,35,n5
1,35,n5_1[1]
1,35,n5_2[1]
1,35,n6
1,35,n6_1[1]
1,35,n6_2[1]
1,36,n1_2[2]
1,36,n4_2[2]
1,36,n2_2[2]
1,36,n3_2[2]
1,36,n5_2[2]
1,36,n6_2[2]
1,36,n2_1[2]
1,36,n3_1[2]
1,36,n1_1[2]
1,36,n4_1[2]
1,36,n5_1[2]
1,36,n6_1[2]
1,36,n2
1,36,n3
1,36,n1_1[1]
1,36,n4_1[1]
1,36,n1_2[1]
1,36,n4_2[1]
1,36,n1
1,36,n4
1,36,n2_1[1]
1,36,n3_1[1]
1,36,n2_2[1]
1,36,n3_2[1]
1,36,n5
1,36,n5_1[1]
1,36,n5_2[1]
1,36,n6
1,36,n6_1[1]
1,36,n6_2[1]
1,37,n2_2[2]
1,37,n3_2[2]
1,37,n1_2[2]
1,37,n4_2[2]
1,37,n5_2[2]
1,37,n6_2[2]
1,37,n2_1[2]
1,37,n3_1[2]
1,37,n1_1[2]
1,37,n4_1[2]
1,37,n5_1[2]
1,37,n6_1[2]
1,37,n1
1,37,n4
1,37,n2
1,37,n3
1,37,n2_1[1]
1,37,n3_1[1]
1,37,n1_1[1]
1,37,n4_1[1]
1,37,n1_2[1]
1,37,n4_2[1]
1,37,n2_2[1]
1,37,n3_2[1]
1,37,n5
1,37,n5_1[1]
1,37,n5_2[1]
1,37,n6
1,37,n6_1[1]
1,37,n6_2[1]
1,38,n2_2[2]
1,38,n3_2[2]
1,38,n1_2[2]
1,38,n4_2[2]
1,38,n5_2[2]
1,38,n6_2[2]
1,38,n1_1[2]
1,38,n4_1[2]
1,38,n2_1[2]
1,38,n3_1[2]
1,38,n5_1[2]
1,38,n6_1[2]
1,38,n1
1,38,n4
1,38,n2_1[1]
1,38,n3_1[1]
1,38,n2_2[1]
1,38,n3_2[1]
1,38,n2
1,38,n3
1,38,n1_1[1]
1,38,n4_1[1]
1,38,n1_2[1]
1,38,n4_2[1]
1,38,n5
1,38,n5_1[1]
1,38,n5_2[1]
1,38,n6
1,38,n6_1[1]
1,38,n6_2[1]
1,39,n1_2[2]
1,39,n4_2[2]
1,39,n2_2[2]
1,39,n3_2[2]
1,39,n5_2[2]
1,39,n6_2[2]
1,39,n1_1[2]
1,39,n4_1[2]
1,39,n2_1[2]
1,39,n3_1[2]
1,39,n5_1[2]
1,39,n6_1[2]
1,39,n2
1,39,n3
1,39,n1
1,39,n4
1,39,n1_1[1]
1,39,n4_1[1]
1,39,n2_1[1]
1,39,n3_1[1]
1,39,n2_2[1]
1,39,n3_2[1]
1,39,n1_2[1]
1,39,n4_2[1]
1,39,n5
1,39,n5_1[1]
1,39,n5_2[1]
1,39,n6
1,39,n6_1[1]
1,39,n6_2[1]
1,40,n1_2[2]
1,40,n4_2[2]
1,40,n2_2[2]
1,40,n3_2[2]
1,40,n5_2[2]
1,40,n6_2[2]
1,40,n2_1[2]
1,40,n3_1[2]
1,40,n1_1[2]
1,40,n4_1[2]
1,40,n5_1[2]
1,40,n6_1[2]
1,40,n2
1,40,n3
1,40,n1_1[1]
1,40,n4_1[1]
1,40,n1_2[1]
1,40,n4_2[1]
1,40,n1
1,40,n4
1,40,n2_1[1]
1,40,n3_1[1]
1,40,n2_2[1]
1,40,n3_2[1]
1,40,n5
1,40,n5_1[1]
1,40,n5_2[1]
1,40,n6
1,40,n6_1[1]
1,40,n6_2[1]
1,41,n2_2[2]
1,41,n3_2[2]
1,41,n1_2[2]
1,41,n4_2[2]
1,41,n5_2[2]
1,41,n6_2[2]
1,41,n2_1[2]
1,41,n3_1[2]
1,41,n1_1[2]
1,41,n4_1[2]
1,41,n5_1[2]
1,41,n6_1[2]
1,41,n1
1,41,n4
1,41,n2
1,41,n3
1,41,n2_1[1]
1,41,n3_1[1]
1,41,n1_1[1]
1,41,n4_1[1]
1,41,n1_2[1]
1,41,n4_2[1]
1,41,n2_2[1]
1,41,n3_2[1]
1,41,n5
1,41,n5_1[1]
1,41,n5_2[1]
1,41,n6
1,41,n6_1[1]
1,41,n6_2[1]
1,42,n2_2[2]
1,42,n3_2[2]
1,42,n1_2[2]
1,42,n4_2[2]
1,42,n5_2[2]
1,42,n6_2[2]
1,42,n1_1[2]
1,42,n4_1[2]
1,42,n2_1[2]
1,42,n3_1[2]
1,42,n5_1[2]
1,42,n6_1[2]
1,42,n1
1,42,n4
1,42,n2_1[1]
1,42,n3_1[1]
1,42,n2_2[1]
1,42,n3_2[1]
1,42,n2
1,42,n3
1,42,n1_1[1]
1,42,n4_1[1]
1,42,n1_2[1]
1,42,n4_2[1]
1,42,n5
1,42,n5_1[1]
1,42,n5_2[1]
1,42,n6
1,42,n6_1[1]
1,42,n6_2[1]
1,43,n1_2[2]
1,43,n4_2[2]
1,43,n2_2[2]
1,43,n3_2[2]
1,43,n5_2[2]
1,43,n6_2[2]
1,43,n1_1[2]
1,43,n4_1[2]
1,43,n2_1[2]
1,43,n3_1[2]
1,43,n5_1[2]
1,43,n6_1[2]
1,43,n2
1,43,n3
1,43,n1
1,43,n4
1,43,n1_1[1]
1,43,n4_1[1]
1,43,n2_1[1]
1,43,n3_1[1]
1,43,n2_2[1]
1,43,n3_2[1]
1,43,n1_2[1]
1,43,n4_2[1]
1,43,n5
1,43,n5_1[1]
1,43,n5_2[1]
1,43,n6
1,43,n6_1[1]
1,43,n6_2[1]
1,44,n1_2[2]
1,44,n4_2[2]
1,44,n2_2[2]
1,44,n3_2[2]
1,44,n5_2[2]
1,44,n6_2[2]
1,44,n2_1[2]
1,44,n3_1[2]
1,44,n1_1[2]
1,44,n4_1[2]
1,44,n5_1[2]
1,44,n6_1[2]
1,44,n2
1,44,n3
1,44,n1_1[1]
1,44,n4_1[1]
1,44,n1_2[1]
1,44,n4_2[1]
1,44,n1
1,44,n4
1,44,n2_1[1]
1,44,n3_1[1]
1,44,n2_2[1]
1,44,n3_2[1]
1,44,n5
1,44,n5_1[1]
1,44,n5_2[1]
1,44,n6
1,44,n6_1[1]
1,44,n6_2[1]
1,45,n2_2[2]
1,45,n3_2[2]
1,45,n1_2[2]
1,45,n4_2[2]
1,45,n5_2[2]
1,45,n6_2[2]
1,45,n2_1[2]
1,45,n3_1[2]
1,45,n1_1[2]
1,45,n4_1[2]
1,45,n5_1[2]
1,45,n6_1[2]
1,45,n1
1,45,n4
1,45,n2
1,45,n3
1,45,n2_1[1]
1,45,n3_1[1]
1,45,n1_1[1]
1,45,n4_1[1]
1,45,n1_2[1]
1,45,n4_2[1]
1,45,n2_2[1]
1,45,n3_2[1]
1,45,n5
1,45,n5_1[1]
1,45,n5_2[1]
1,45,n6
1,45,n6_1[1]
1,45,n6_2[1]
1,46,n2_2[2]
1,46,n3_2[2]
1,46,n1_2[2]
1,46,n4_2[2]
1,46,n5_2[2]
1,46,n6_2[2]
1,46,n1_1[2]
1,46,n4_1[2]
1,46,n2_1[2]
1,46,n3_1[2]
1,46,n5_1[2]
1,46,n6_1[2]
1,46,n1
1,46,n4
1,46,n2_1[1]
1,46,n3_1[1]
1,46,n2_2[1]
1,46,n3_2[1]
1,46,n2
1,46,n3
1,46,n1_1[1]
1,46,n4_1[1]
1,46,n1_2[1]
1,46,n4_2[1]
1,46,n5
1,46,n5_1[1]
1,46,n5_2[1]
1,46,n6
1,46,n6_1[1]
1,46,n6_2[1]
1,47,n1_2[2]
1,47,n4_2[2]
1,47,n2_2[2]
1,47,n3_2[2]
1,47,n5_2[2]
1,47,n6_2[2]
1,47,n1_1[2]
1,47,n4_1[2]
1,47,n2_1[2]
1,47,n3_1[2]
1,47,n5_1[2]
1,47,n6_1[2]
1,47,n2
1,47,n3
1,47,n1
1,47,n4
1,47,n1_1[1]
1,47,n4_1[1]
1,47,n2_1[1]
1,47,n3_1[1]
1,47,n2_2[1]
1,47,n3_2[1]
1,47,n1_2[1]
1,47,n4_2[1]
1,47,n5
1,47,n5_1[1]
1,47,n5_2[1]
1,47,n6
1,47,n6_1[1]
1,47,n6_2[1]
1,48,n1_2[2]
1,48,n4_2[2]
1,48,n2_2[2]
1,48,n3_2[2]
1,48,n5_2[2]
1,48,n6_2[2]
1,48,n2_1[2]
1,48,n3_1[2]
1,48,n1_1[2]
1,48,n4_1[2]
1,48,n5_1[2]
1,48,n6_1[2]
1,48,n2
1,48,n3
1,48,n1_1[1]
1,48,n4_1[1]
1,48,n1_2[1]
1,48,n4_2[1]
1,48,n1
1,48,n4
1,48,n2_1[1]
1,48,n3_1[1]
1,48,n2_2[1]
1,48,n3_2[1]
1,48,n5
1,48,n5_1[1]
1,48,n5_2[1]
1,48,n6
1,48,n6_1[1]
1,48,n6_2[1]
1,49,n2_2[2]
1,49,n3_2[2]
1,49,n1_2[2]
1,49,n4_2[2]
1,49,n5_2[2]
1,49,n6_2[2]
1,49,n2_1[2]
1,49,n3_1[2]
1,49,n1_1[2]
1,49,n4_1[2]
1,49,n5_1[2]
1,49,n6_1[2]
1,49,n1
1,49,n4
1,49,n2
1,49,n3
1,49,n2_1[1]
1,49,n3_1[1]
1,49,n1_1[1]
1,49,n4_1[1]
1,49,n1_2[1]
1,49,n4_2[1]
1,49,n2_2[1]
1,49,n3_2[1]
1,49,n5
1,49,n5_1[1]
1,49,n5_2[1]
1,49,n6
1,49,n6_1[1]
1,49,n6_2[1]
1,50,n2_2[2]
1,50,n3_2[2]
1,50,n1_2[2]
1,50,n4_2[2]
1,50,n5_2[2]
1,50,n6_2[2]
1,50,n1_1[2]
1,50,n4_1[2]
1,50,n2_1[2]
1,50,n3_1[2]
1,50,n5_1[2]
1,50,n6_1[2]
1,50,n1
1,50,n4
1,50,n2_1[1]
1,50,n3_1[1]
1,50,n2_2[1]
1,50,n3_2[1]
1,50,n2
1,50,n3
1,50,n1_1[1]
1,50,n4_1[1]
1,50,n1_2[1]
1,50,n4_2[1]
1,50,n5
1,50,n5_1[1]
1,50,n5_2[1]
1,50,n6
1,50,n6_1[1]
1,50,n6_2[1]
1,51,n1_2[2]
1,51,n4_2[2]
1,51,n2_2[2]
1,51,n3_2[2]
1,51,n5_2[2]
1,51,n6_2[2]
1,51,n1_1[2]
1,51,n4_1[2]
1,51,n2_1[2]
1,51,n3_1[2]
1,51,n5_1[2]
1,51,n6_1[2]
1,51,n2
1,51,n3
1,51,n1
1,51,n4
1,51,n1_1[1]
1,51,n4_1[1]
1,51,n2_1[1]
1,51,n3_1[1]
1,51,n2_2[1]
1,51,n3_2[1]
1,51,n1_2[1]
1,51,n4_2[1]
1,51,n5
1,51,n5_1[1]
1,51,n5_2[1]
1,51,n6
1,51,n6_1[1]
1,51,n6_2[1]
1,52,n1_2[2]
1,52,n4_2[2]
1,52,n2_2[2]
1,52,n3_2[2]
1,52,n5_2[2]
1,52,n6_2[2]
1,52,n2_1[2]
1,52,n3_1[2]
1,52,n1_1[2]
1,52,n4_1[2]
1,52,n5_1[2]
1,52,n6_1[2]
1,52,n2
1,52,n3
1,52,n1_1[1]
1,52,n4_1[1]
1,52,n1_2[1]
1,52,n4_2[1]
1,52,n1
1,52,n4
1,52,n2_1[1]
1,52,n3_1[1]
1,52,n2_2[1]
1,52,n3_2[1]
1,52,n5
1,52,n5_1[1]
1,52,n5_2[1]
1,52,n6
1,52,n6_1[1]
1,52,n6_2[1]
1,53,n2_2[2]
1,53,n3_2[2]
1,53,n1_2[2]
1,53,n4_2[2]
1,53,n5_2[2]
1,53,n6_2[2]
1,53,n2_1[2]
1,53,n3_1[2]
1,53,n1_1[2]
1,53,n4_1[2]
1,53,n5_1[2]
1,53,n6_1[2]
1,53,n1
1,53,n4
1,53,n2
1,53,n3
1,53,n2_1[1]
1,53,n3_1[1]
1,53,n1_1[1]
1,53,n4_1[1]
1,53,n1_2[1]
1,53,n4_2[1]
1,53,n2_2[1]
1,53,n3_2[1]
1,53,n5
1,53,n5_1[1]
1,53,n5_2[1]
1,53,n6
1,53,n6_1[1]
1,53,n6_2[1]
1,54,n2_2[2]
1,54,n3_2[2]
1,54,n1_2[2]
1,54,n4_2[2]
1,54,n5_2[2]
1,54,n6_2[2]
1,54,n1_1[2]
1,54,n4_1[2]
1,54,n2_1[2]
1,54,n3_1[2]
1,54,n5_1[2]
1,54,n6_1[2]
1,54,n1
1,54,n4
1,54,n2_1[1]
1,54,n3_1[1]
1,54,n2_2[1]
1,54,n3_2[1]
1,54,n2
1,54,n3
1,54,n1_1[1]
1,54,n4_1[1]
1,54,n1_2[1]
1,54,n4_2[1]
1,54,n5
1,54,n5_1[1]
1,54,n5_2[1]
1,54,n6
1,54,n6_1[1]
1,54,n6_2[1]
1,55,n1_2[2]
1,55,n4_2[2]
1,55,n2_2[2]
1,55,n3_2[2]
1,55,n5_2[2]
1,55,n6_2[2]
1,55,n1_1[2]
1,55,n4_1[2]
1,55,n2_1[2]
1,55,n3_1[2]
1,55,n5_1[2]
1,55,n6_1[2]
1,55,n2
1,55,n3
1,55,n1
1,55,n4
1,55,n1_1[1]
1,55,n4_1[1]
1,55,n2_1[1]
1,55,n3_1[1]
1,55,n2_2[1]
1,55,n3_2[1]
1,55,n1_2[1]
1,55,n4_2[1]
1,55,n5
1,55,n5_1[1]
1,55,n5_2[1]
1,55,n6
1,55,n6_1[1]
1,55,n6_2[1]
1,56,n1_2[2]
1,56,n4_2[2]
1,56,n2_2[2]
1,56,n3_2[2]
1,56,n5_2[2]
1,56,n6_2[2]
1,56,n2_1[2]
1,56,n3_1[2]
1,56,n1_1[2]
1,56,n4_1[2]
1,56,n5_1[2]
1,56,n6_1[2]
1,56,n2
1,56,n3
1,56,n1_1[1]
1,56,n4_1[1]
1,56,n1_2[1]
1,56,n4_2[1]
1,56,n1
1,56,n4
1,56,n2_1[1]
1,56,n3_1[1]
1,56,n2_2[1]
1,56,n3_2[1]
1,56,n5
1,56,n5_1[1]
1,56,n5_2[1]
1,56,n6
1,56,n6_1[1]
1,56,n6_2[1]
1,57,n2_2[2]
1,57,n3_2[2]
1,57,n1_2[2]
1,57,n4_2[2]
1,57,n5_2[2]
1,57,n6_2[2]
1,57,n2_1[2]
1,57,n3_1[2]
1,57,n1_1[2]
1,57,n4_1[2]
1,57,n5_1[2]
1,57,n6_1[2]
1,57,n1
1,57,n4
1,57,n2
1,57,n3
1,57,n2_1[1]
1,57,n3_1[1]
1,57,n1_1[1]
1,57,n4_1[1]
1,57,n1_2[1]
1,57,n4_2[1]
1,57,n2_2[1]
1,57,n3_2[1]
1,57,n5
1,57,n5_1[1]
1,57,n5_2[1]
1,57,n6
1,57,n6_1[1]
1,57,n6_2[1]
1,58,n2_2[2]
1,58,n3_2[2]
1,58,n1_2[2]
1,58,n4_2[2]
1,58,n5_2[2]
1,58,n6_2[2]
1,58,n1_1[2]
1,58,n4_1[2]
1,58,n2_1[2]
1,58,n3_1[2]
1,58,n5_1[2]
1,58,n6_1[2]
1,58,n1
1,58,n4
1,58,n2_1[1]
1,58,n3_1[1]
1,58,n2_2[1]
1,58,n3_2[1]
1,58,n2
1,58,n3
1,58,n1_1[1]
1,58,n4_1[1]
1,58,n1_2[1]
1,58,n4_2[1]
1,58,n5
1,58,n5_1[1]
1,58,n5_2[1]
1,58,n6
1,58,n6_1[1]
1,58,n6_2[1]
1,59,n1_2[2]
1,59,n4_2[2]
1,59,n2_2[2]
1,59,n3_2[2]
1,59,n5_2[2]
1,59,n6_2[2]
1,59,n1_1[2]
1,59,n4_1[2]
1,59,n2_1[2]
1,59,n3_1[2]
1,59,n5_1[2]
1,59,n6_1[2]
1,59,n2
1,59,n3
1,59,n1
1,59,n4
1,59,n1_1[1]
1,59,n4_1[1]
1,59,n2_1[1]
1,59,n3_1[1]
1,59,n2_2[1]
1,59,n3_2[1]
1,59,n1_2[1]
1,59,n4_2[1]
1,59,n5
1,59,n5_1[1]
1,59,n5_2[1]
1,59,n6
1,59,n6_1[1]
1,59,n6_2[1]
1,60,n1_2[2]
1,60,n4_2[2]
1,60,n2_2[2]
1,60,n3_2[2]
1,60,n5_2[2]
1,60,n6_2[2]
1,60,n2_1[2]
1,60,n3_1[2]
1,60,n1_1[2]
1,60,n4_1[2]
1,60,n5_1[2]
1,60,n6_1[2]
1,60,n2
1,60,n3
1,60,n1_1[1]
1,60,n4_1[1]
1,60,n1_2[1]
1,60,n4_2[1]
1,60,n1
1,60,n4
1,60,n2_1[1]
1,60,n3_1[1]
1,60,n2_2[1]
1,60,n3_2[1]
1,60,n5
1,60,n5_1[1]
1,60,n5_2[1]
1,60,n6
1,60,n6_1[1]
1,60,n6_2[1]
1,61,n2_2[2]
1,61,n3_2[2]
1,61,n1_2[2]
1,61,n4_2[2]
1,61,n5_2[2]
1,61,n6_2[2]
1,61,n2_1[2]
1,61,n3_1[2]
1,61,n1_1[2]
1,61,n4_1[2]
1,61,n5_1[2]
1,61,n6_1[2]
1,61,n1
1,61,n4
1,61,n2
1,61,n3
1,61,n2_1[1]
1,61,n3_1[1]
1,61,n1_1[1]
1,61,n4_1[1]
1,61,n1_2[1]
1,61,n4_2[1]
1,61,n2_2[1]
1,61,n3_2[1]
1,61,n5
1,61,n5_1[1]
1,61,n5_2[1]
1,61,n6
1,61,n6_1[1]
1,61,n6_2[1]
1,62,n2_2[2]
1,62,n3_2[2]
1,62,n1_2[2]
1,62,n4_2[2]
1,62,n5_2[2]
1,62,n6_2[2]
1,62,n1_1[2]
1,62,n4_1[2]
1,62,n2_1[2]
1,62,n3_1[2]
1,62,n5_1[2]
1,62,n6_1[2]
1,62,n1
1,62,n4
1,62,n2_1[1]
1,62,n3_1[1]
1,62,n2_2[1]
1,62,n3_2[1]
1,62,n2
1,62,n3
1,62,n1_1[1]
1,62,n4_1[1]
1,62,n1_2[1]
1,62,n4_2[1]
1,62,n5
1,62,n5_1[1]
1,62,n5_2[1]
1,62,n6
1,62,n6_1[1]
1,62,n6_2[1]
1,63,n1_2[2]
1,63,n4_2[2]
1,63,n2_2[2]
1,63,n3_2[2]
1,63,n5_2[2]
1,63,n6_2[2]
1,63,n1_1[2]
1,63,n4_1[2]
1,63,n2_1[2]
1,63,n3_1[2]
1,63,n5_1[2]
1,63,n6_1[2]
1,63,n2
1,63,n3
1,63,n1
1,63,n4
1,63,n1_1[1]
1,63,n4_1[1]
1,63,n2_1[1]
1,63,n3_1[1]
1,63,n2_2[1]
1,63,n3_2[1]
1,63,n1_2[1]
1,63,n4_2[1]
1,63,n5
1,63,n5_1[1]
1,63,n5_2[1]
1,63,n6
1,63,n6_1[1]
1,63,n6_2[1]
1,64,n1_2[2]
1,64,n4_2[2]
1,64,n2_2[2]
1,64,n3_2[2]
1,64,n5_2[2]
1,64,n6_2[2]
1,64,n2_1[2]
1,64,n3_1[2]
1,64,n1_1[2]
1,64,n4_1[2]
1,64,n5_1[2]
1,64,n6_1[2]
1,64,n2
1,64,n3
1,64,n1_1[1]
1,64,n4_1[1]
1,64,n1_2[1]
1,64,n4_2[1]
1,64,n1
1,64,n4
1,64,n2_1[1]
1,64,n3_1[1]
1,64,n2_2[1]
1,64,n3_2[1]
1,64,n5
1,64,n5_1[1]
1,64,n5_2[1]
1,64,n6
1,64,n6_1[1]
1,64,n6_2[1]
1,65,n2_2[2]
1,65,n3_2[2]
1,65,n1_2[2]
1,65,n4_2[2]
1,65,n5_2[2]
1,65,n6_2[2]
1,65,n2_1[2]
1,65,n3_1[2]
1,65,n1_1[2]
1,65,n4_1[2]
1,65,n5_1[2]
1,65,n6_1[2]
1,65,n1
1,65,n4
1,65,n2
1,65,n3
1,65,n2_1[1]
1,65,n3_1[1]
1,65,n1_1[1]
1,65,n4_1[1]
1,65,n1_2[1]
1,65,n4_2[1]
1,65,n2_2[1]
1,65,n3_2[1]
1,65,n5
1,65,n5_1[1]
1,65,n5_2[1]
1,65,n6
1,65,n6_1[1]
1,65,n6_2[1]
1,66,n2_2[2]
1,66,n3_2[2]
1,66,n1_2[2]
1,66,n4_2[2]
1,66,n5_2[2]
1,66,n6_2[2]
1,66,n1_1[2]
1,66,n4_1[2]
1,66,n2_1[2]
1,66,n3_1[2]
1,66,n5_1[2]
1,66,n6_1[2]
1,66,n1
1,66,n4
1,66,n2_1[1]
1,66,n3_1[1]
1,66,n2_2[1]
1,66,n3_2[1]
1,66,n2
1,66,n3
1,66,n1_1[1]
1,66,n4_1[1]
1,66,n1_2[1]
1,66,n4_2[1]
1,66,n5
1,66,n5_1[1]
1,66,n5_2[1]
1,66,n6
1,66,n6_1[1]
1,66,n6_2[1]
1,67,n1_2[2]
1,67,n4_2[2]
1,67,n2_2[2]
1,67,n3_2[2]
1,67,n5_2[2]
1,67,n6_2[2]
1,67,n1_1[2]
1,67,n4_1[2]
1,67,n2_1[2]
1,67,n3_1[2]
1,67,n5_1[2]
1,67,n6_1[2]
1,67,n2
1,67,n3
1,67,n1
1,67,n4
1,67,n1_1[1]
1,67,n4_1[1]
1,67,n2_1[1]
1,67,n3_1[1]
1,67,n2_2[1]
1,67,n3_2[1]
1,67,n1_2[1]
1,67,n4_2[1]
1,67,n5
1,67,n5_1[1]
1,67,n5_2[1]
1,67,n6
1,67,n6_1[1]
1,67,n6_2[1]
1,68,n1_2[2]
1,68,n4_2[2]
1,68,n2_2[2]
1,68,n3_2[2]
1,68,n5_2[2]
1,68,n6_2[2]
1,68,n2_1[2]
1,68,n3_1[2]
1,68,n1_1[2]
1,68,n4_1[2]
1,68,n5_1[2]
1,68,n6_1[2]
1,68,n2
1,68,n3
1,68,n1_1[1]
1,68,n4_1[1]
1,68,n1_2[1]
1,68,n4_2[1]
1,68,n1
1,68,n4
1,68,n2_1[1]
1,68,n3_1[1]
1,68,n2_2[1]
1,68,n3_2[1]
1,68,n5
1,68,n5_1[1]
1,68,n5_2[1]
1,68,n6
1,68,n6_1[1]
1,68,n6_2[1]
1,69,n2_2[2]
1,69,n3_2[2]
1,69,n1_2[2]
1,69,n4_2[2]
1,69,n5_2[2]
1,69,n6_2[2]
1,69,n2_1[2]
1,69,n3_1[2]
1,69,n1_1[2]
1,69,n4_1[2]
1,69,n5_1[2]
1,69,n6_1[2]
1,69,n1
1,69,n4
1,69,n2
1,69,n3
1,69,n2_1[1]
1,69,n3_1[1]
1,69,n1_1[1]
1,69,n4_1[1]
1,69,n1_2[1]
1,69,n4_2[1]
1,69,n2_2[1]
1,69,n3_2[1]
1,69,n5
1,69,n5_1[1]
1,69,n5_2[1]
1,69,n6
1,69,n6_1[1]
1,69,n6_2[1]
1,70,n2_2[2]
1,70,n3_2[2]
1,70,n1_2[2]
1,70,n4_2[2]
1,70,n5_2[2]
1,70,n6_2[2]
1,70,n1_1[2]
1,70,n4_1[2]
1,70,n2_1[2]
1,70,n3_1[2]
1,70,n5_1[2]
1,70,n6_1[2]
1,70,n1
1,70,n4
1,70,n2_1[1]
1,70,n3_1[1]
1,70,n2_2[1]
1,70,n3_2[1]
1,70,n2
1,70,n3
1,70,n1_1[1]
1,70,n4_1[1]
1,70,n1_2[1]
1,70,n4_2[1]
1,70,n5
1,70,n5_1[1]
1,70,n5_2[1]
1,70,n6
1,70,n6_1[1]
1,70,n6_2[1]
1,71,n1_2[2]
1,71,n4_2[2]
1,71,n2_2[2]
1,71,n3_2[2]
1,71,n5_2[2]
1,71,n6_2[2]
1,71,n1_1[2]
1,71,n4_1[2]
1,71,n2_1[2]
1,71,n3_1[2]
1,71,n5_1[2]
1,71,n6_1[2]
1,71,n2
1,71,n3
1,71,n1
1,71,n4
1,71,n1_1[1]
1,71,n4_1[1]
1,71,n2_1[1]
1,71,n3_1[1]
1,71,n2_2[1]
1,71,n3_2[1]
1,71,n1_2[1]
1,71,n4_2[1]
1,71,n5
1,71,n5_1[1]
1,71,n5_2[1]
1,71,n6
1,71,n6_1[1]
1,71,n6_2[1]
1,72,n1_2[2]
1,72,n4_2[2]
1,72,n2_2[2]
1,72,n3_2[2]
1,72,n5_2[2]
1,72,n6_2[2]
1,72,n2_1[2]
1,72,n3_1[2]
1,72,n1_1[2]
1,72,n4_1[2]
1,72,n5_1[2]
1,72,n6_1[2]
1,72,n2
1,72,n3
1,72,n1_1[1]
1,72,n4_1[1]
1,72,n1_2[1]
1,72,n4_2[1]
1,72,n1
1,72,n4
1,72,n2_1[1]
1,72,n3_1[1]
1,72,n2_2[1]
1,72,n3_2[1]
1,72,n5
1,72,n5_1[1]
1,72,n5_2[1]
1,72,n6
1,72,n6_1[1]
1,72,n6_2[1]
1,73,n2_2[2]
1,73,n3_2[2]
1,73,n1_2[2]
1,73,n4_2[2]
1,73,n5_2[2]
1,73,n6_2[2]
1,73,n2_1[2]
1,73,n3_1[2]
1,73,n1_1[2]
1,73,n4_1[2]
1,73,n5_1[2]
1,73,n6_1[2]
1,73,n1
1,73,n4
1,73,n2
1,73,n3
1,73,n2_1[1]
1,73,n3_1[1]
1,73,n1_1[1]
1,73,n4_1[1]
1,73,n1_2[1]
1,73,n4_2[1]
1,73,n2_2[1]
1,73,n3_2[1]
1,73,n5
1,73,n5_1[1]
1,73,n5_2[1]
1,73,n6
1,73,n6_1[1]
1,73,n6_2[1]
1,74,n2_2[2]
1,74,n3_2[2]
1,74,n1_2[2]
1,74,n4_2[2]
1,74,n5_2[2]
1,74,n6_2[2]
1,74,n1_1[2]
1,74,n4_1[2]
1,74,n2_1[2]
1,74,n3_1[2]
1,74,n5_1[2]
1,74,n6_1[2]
1,74,n1
1,74,n4
1,74,n2_1[1]
1,74,n3_1[1]
1,74,n2_2[1]
1,74,n3_2[1]
1,74,n2
1,74,n3
1,74,n1_1[1]
1,74,n4_1[1]
1,74,n1_2[1]
1,74,n4_2[1]
1,74,n5
1,74,n5_1[1]
1,74,n5_2[1]
1,74,n6
1,74,n6_1[1]
1,74,n6_2[1]
1,75,n1_2[2]
1,75,n4_2[2]
1,75,n2_2[2]
1,75,n3_2[2]
1,75,n5_2[2]
1,75,n6_2[2]
1,75,n1_1[2]
1,75,n4_1[2]
1,75,n2_1[2]
1,75,n3_1[2]
1,75,n5_1[2]
1,75,n6_1[2]
1,75,n2
1,75,n3
1,75,n1
1,75,n4
1,75,n1_1[1]
1,75,n4_1[1]
1,75,n2_1[1]
1,75,n3_1[1]
1,75,n2_2[1]
1,75,n3_2[1]
1,75,n1_2[1]
1,75,n4_2[1]
1,75,n5
1,75,n5_1[1]
1,75,n5_2[1]
1,75,n6
1,75,n6_1[1]
1,75,n6_2[1]
1,76,n1_2[2]
1,76,n4_2[2]
1,76,n2_2[2]
1,76,n3_2[2]
1,76,n5_2[2]
1,76,n6_2[2]
1,76,n2_1[2]
1,76,n3_1[2]
1,76,n1_1[2]
1,76,n4_1[2]
1,76,n5_1[2]
1,76,n6_1[2]
1,76,n2
1,76,n3
1,76,n1_1[1]
1,76,n4_1[1]
1,76,n1_2[1]
1,76,n4_2[1]
1,76,n1
1,76,n4
1,76,n2_1[1]
1,76,n3_1[1]
1,76,n2_2[1]
1,76,n3_2[1]
1,76,n5
1,76,n5_1[1]
1,76,n5_2[1]
1,76,n6
1,76,n6_1[1]
1,76,n6_2[1]
1,77,n2_2[2]
1,77,n3_2[2]
1,77,n1_2[2]
1,77,n4_2[2]
1,77,n5_2[2]
1,77,n6_2[2]
1,77,n2_1[2]
1,77,n3_1[2]
1,77,n1_1[2]
1,77,n4_1[2]
1,77,n5_1[2]
1,77,n6_1[2]
1,77,n1
1,77,n4
1,77,n2
1,77,n3
1,77,n2_1[1]
1,77,n3_1[1]
1,77,n1_1[1]
1,77,n4_1[1]
1,77,n1_2[1]
1,77,n4_2[1]
1,77,n2_2[1]
1,77,n3_2[1]
1,77,n5
1,77,n5_1[1]
1,77,n5_2[1]
1,77,n6
1,77,n6_1[1]
1,77,n6_2[1]
1,78,n2_2[2]
1,78,n3_2[2]
1,78,n1_2[2]
1,78,n4_2[2]
1,78,n5_2[2]
1,78,n6_2[2]
1,78,n1_1[2]
1,78,n4_1[2]
1,78,n2_1[2]
1,78,n3_1[2]
1,78,n5_1[2]
1,78,n6_1[2]
1,78,n1
1,78,n4
1,78,n2_1[1]
1,78,n3_1[1]
1,78,n2_2[1]
1,78,n3_2[1]
1,78,n2
1,78,n3
1,78,n1_1[1]
1,78,n4_1[1]
1,78,n1_2[1]
1,78,n4_2[1]
1,78,n5
1,78,n5_1[1]
1,78,n5_2[1]
1,78,n6
1,78,n6_1[1]
1,78,n6_2[1]
1,79,n1_2[2]
1,79,n4_2[2]
1,79,n2_2[2]
1,79,n3_2[2]
1,79,n5_2[2]
1,79,n6_2[2]
1,79,n1_1[2]
1,79,n4_1[2]
1,79,n2_1[2]
1,79,n3_1[2]
1,79,n5_1[2]
1,79,n6_1[2]
1,79,n2
1,79,n3
1,79,n1
1,79,n4
1,79,n1_1[1]
1,79,n4_1[1]
1,79,n2_1[1]
1,79,n3_1[1]
1,79,n2_2[1]
1,79,n3_2[1]
1,79,n1_2[1]
1,79,n4_2[1]
1,79,n5
1,79,n5_1[1]
1,79,n5_2[1]
1,79,n6
1,79,n6_1[1]
1,79,n6_2[1]
1,80,n1_2[2]
1,80,n4_2[2]
1,80,n2_2[2]
1,80,n3_2[2]
1,80,n5_2[2]
1,80,n6_2[2]
1,80,n2_1[2]
1,80,n3_1[2]
1,80,n1_1[2]
1,80,n4_1[2]
1,80,n5_1[2]
1,80,n6_1[2]
1,80,n2
1,80,n3
1,80,n1_1[1]
1,80,n4_1[1]
1,80,n1_2[1]
1,80,n4_2[1]
1,80,n1
1,80,n4
1,80,n2_1[1]
1,80,n3_1[1]
1,80,n2_2[1]
1,80,n3_2[1]
1,80,n5
1,80,n5_1[1]
1,80,n5_2[1]
1,80,n6
1,80,n6_1[1]
1,80,n6_2[1]
1,81,n2_2[2]
1,81,n3_2[2]
1,81,n1_2[2]
1,81,n4_2[2]
1,81,n5_2[2]
1,81,n6_2[2]
1,81,n2_1[2]
1,81,n3_1[2]
1,81,n1_1[2]
1,81,n4_1[2]
1,81,n5_1[2]
1,81,n6_1[2]
1,81,n1
1,81,n4
1,81,n2
1,81,n3
1,81,n2_1[1]
1,81,n3_1[1]
1,81,n1_1[1]
1,81,n4_1[1]
1,81,n1_2[1]
1,81,n4_2[1]
1,81,n2_2[1]
1,81,n3_2[1]
1,81,n5
1,81,n5_1[1]
1,81,n5_2[1]
1,81,n6
1,81,n6_1[1]
1,81,n6_2[1]
1,82,n2_2[2]
1,82,n3_2[2]
1,82,n1_2[2]
1,82,n4_2[2]
1,82,n5_2[2]
1,82,n6_2[2]
1,82,n1_1[2]
1,82,n4_1[2]
1,82,n2_1[2]
1,82,n3_1[2]
1,82,n5_1[2]
1,82,n6_1[2]
1,82,n1
1,82,n4
1,82,n2_1[1]
1,82,n3_1[1]
1,82,n2_2[1]
1,82,n3_2[1]
1,82,n2
1,82,n3
1,82,n1_1[1]
1,82,n4_1[1]
1,82,n1_2[1]
1,82,n4_2[1]
1,82,n5
1,82,n5_1[1]
1,82,n5_2[1]
1,82,n6
1,82,n6_1[1]
1,82,n6_2[1]
1,83,n1_2[2]
1,83,n4_2[2]
1,83,n2_2[2]
1,83,n3_2[2]
1,83,n5_2[2]
1,83,n6_2[2]
1,83,n1_1[2]
1,83,n4_1[2]
1,83,n2_1[2]
1,83,n3_1[2]
1,83,n5_1[2]
1,83,n6_1[2]
1,83,n2
1,83,n3
1,83,n1
1,83,n4
1,83,n1_1[1]
1,83,n4_1[1]
1,83,n2_1[1]
1,83,n3_1[1]
1,83,n2_2[1]
1,83,n3_2[1]
1,83,n1_2[1]
1,83,n4_2[1]
1,83,n5
1,83,n5_1[1]
1,83,n5_2[1]
1,83,n6
1,83,n6_1[1]
1,83,n6_2[1]
1,84,n1_2[2]
1,84,n4_2[2]
1,84,n2_2[2]
1,84,n3_2[2]
1,84,n5_2[2]
1,84,n6_2[2]
1,84,n2_1[2]
1,84,n3_1[2]
1,84,n1_1[2]
1,84,n4_1[2]
1,84,n5_1[2]
1,84,n6_1[2]
1,84,n2
1,84,n3
1,84,n1_1[1]
1,84,n4_1[1]
1,84,n1_2[1]
1,84,n4_2[1]
1,84,n1
1,84,n4
1,84,n2_1[1]
1,84,n3_1[1]
1,84,n2_2[1]
1,84,n3_2[1]
1,84,n5
1,84,n5_1[1]
1,84,n5_2[1]
1,84,n6
1,84,n6_1[1]
1,84,n6_2[1]
1,85,n2_2[2]
1,85,n3_2[2]
1,85,n1_2[2]
1,85,n4_2[2]
1,85,n5_2[2]
1,85,n6_2[2]
1,85,n2_1[2]
1,85,n3_1[2]
1,85,n1_1[2]
1,85,n4_1[2]
1,85,n5_1[2]
1,85,n6_1[2]
1,85,n1
1,85,n4
1,85,n2
1,85,n3
1,85,n2_1[1]
1,85,n3_1[1]
1,85,n1_1[1]
1,85,n4_1[1]
1,85,n1_2[1]
1,85,n4_2[1]
1,85,n2_2[1]
1,85,n3_2[1]
1,85,n5
1,85,n5_1[1]
1,85,n5_2[1]
1,85,n6
1,85,n6_1[1]
1,85,n6_2[1]
1,86,n2_2[2]
1,86,n3_2[2]
1,86,n1_2[2]
1,86,n4_2[2]
1,86,n5_2[2]
1,86,n6_2[2]
1,86,n1_1[2]
1,86,n4_1[2]
1,86,n2_1[2]
1,86,n3_1[2]
1,86,n5_1[2]
1,86,n6_1[2]
1,86,n1
1,86,n4
1,86,n2_1[1]
1,86,n3_1[1]
1,86,n2_2[1]
1,86,n3_2[1]
1,86,n2
1,86,n3
1,86,n1_1[1]
1,86,n4_1[1]
1,86,n1_2[1]
1,86,n4_2[1]
1,86,n5
1,86,n5_1[1]
1,86,n5_2[1]
1,86,n6
1,86,n6_1[1]
1,86,n6_2[1]
1,87,n1_2[2]
1,87,n4_2[2]
1,87,n2_2[2]
1,87,n3_2[2]
1,87,n5_2[2]
1,87,n6_2[2]
1,87,n1_1[2]
1,87,n4_1[2]
1,87,n2_1[2]
1,87,n3_1[2]
1,87,n5_1[2]
1,87,n6_1[2]
1,87,n2
1,87,n3
1,87,n1
1,87,n4
1,87,n1_1[1]
1,87,n4_1[1]
1,87,n2_1[1]
1,87,n3_1[1]
1,87,n2_2[1]
1,87,n3_2[1]
1,87,n1_2[1]
1,87,n4_2[1]
1,87,n5
1,87,n5_1[1]
1,87,n5_2[1]
1,87,n6
1,87,n6_1[1]
1,87,n6_2[1]
1,88,n1_2[2]
1,88,n4_2[2]
1,88,n2_2[2]
1,88,n3_2[2]
1,88,n5_2[2]
1,88,n6_2[2]
1,88,n2_1[2]
1,88,n3_1[2]
1,88,n1_1[2]
1,88,n4_1[2]
1,88,n5_1[2]
1,88,n6_1[2]
1,88,n2
1,88,n3
1,88,n1_1[1]
1,88,n4_1[1]
1,88,n1_2[1]
1,88,n4_2[1]
1,88,n1
1,88,n4
1,88,n2_1[1]
1,88,n3_1[1]
1,88,n2_2[1]
1,88,n3_2[1]
1,88,n5
1,88,n5_1[1]
1,88,n5_2[1]
1,88,n6
1,88,n6_1[1]
1,88,n6_2[1]
1,89,n2_2[2]
1,89,n3_2[2]
1,89,n1_2[2]
1,89,n4_2[2]
1,89,n5_2[2]
1,89,n6_2[2]
1,89,n2_1[2]
1,89,n3_1[2]
1,89,n1_1[2]
1,89,n4_1[2]
1,89,n5_1[2]
1,89,n6_1[2]
1,89,n1
1,89,n4
1,89,n2
1,89,n3
1,89,n2_1[1]
1,89,n3_1[1]
1,89,n1_1[1]
1,89,n4_1[1]
1,89,n1_2[1]
1,89,n4_2[1]
1,89,n2_2[1]
1,89,n3_2[1]
1,89,n5
1,89,n5_1[1]
1,89,n5_2[1]
1,89,n6
1,89,n6_1[1]
1,89,n6_2[1]
1,90,n2_2[2]
1,90,n3_2[2]
1,90,n1_2[2]
1,90,n4_2[2]
1,90,n5_2[2]
1,90,n6_2[2]
1,90,n1_1[2]
1,90,n4_1[2]
1,90,n2_1[2]
1,90,n3_1[2]
1,90,n5_1[2]
1,90,n6_1[2]
1,90,n1
1,90,n4
1,90,n2_1[1]
1,90,n3_1[1]
1,90,n2_2[1]
1,90,n3_2[1]
1,90,n2
1,90,n3
1,90,n1_1[1]
1,90,n4_1[1]
1,90,n1_2[1]
1,90,n4_2[1]
1,90,n5
1,90,n5_1[1]
1,90,n5_2[1]
1,90,n6
1,90,n6_1[1]
1,90,n6_2[1]
1,91,n1_2[2]
1,91,n4_2[2]
1,91,n2_2[2]
1,91,n3_2[2]
1,91,n5_2[2]
1,91,n6_2[2]
1,91,n1_1[2]
1,91,n4_1[2]
1,91,n2_1[2]
1,91,n3_1[2]
1,91,n5_1[2]
1,91,n6_1[2]
1,91,n2
1,91,n3
1,91,n1
1,91,n4
1,91,n1_1[1]
1,91,n4_1[1]
1,91,n2_1[1]
1,91,n3_1[1]
1,91,n2_2[1]
1,91,n3_2[1]
1,91,n1_2[1]
1,91,n4_2[1]
1,91,n5
1,91,n5_1[1]
1,91,n5_2[1]
1,91,n6
1,91,n6_1[1]
1,91,n6_2[1]
1,92,n1_2[2]
1,92,n4_2[2]
1,92,n2_2[2]
1,92,n3_2[2]
1,92,n5_2[2]
1,92,n6_2[2]
1,92,n2_1[2]
1,92,n3_1[2]
1,92,n1_1[2]
1,92,n4_1[2]
1,92,n5_1[2]
1,92,n6_1[2]
1,92,n2
1,92,n3
1,92,n1_1[1]
1,92,n4_1[1]
1,92,n1_2[1]
1,92,n4_2[1]
1,92,n1
1,92,n4
1,92,n2_1[1]
1,92,n3_1[1]
1,92,n2_2[1]
1,92,n3_2[1]
1,92,n5
1,92,n5_1[1]
1,92,n5_2[1]
1,92,n6
1,92,n6_1[1]
1,92,n6_2[1]
1,93,n2_2[2]
1,93,n3_2[2]
1,93,n1_2[2]
1,93,n4_2[2]
1,93,n5_2[2]
1,93,n6_2[2]
1,93,n2_1[2]
1,93,n3_1[2]
1,93,n1_1[2]
1,93,n4_1[2]
1,93,n5_1[2]
1,93,n6_1[2]
1,93,n1
1,93,n4
1,93,n2
1,93,n3
1,93,n2_1[1]
1,93,n3_1[1]
1,93,n1_1[1]
1,93,n4_1[1]
1,93,n1_2[1]
1,93,n4_2[1]
1,93,n2_2[1]
1,93,n3_2[1]
1,93,n5
1,93,n5_1[1]
1,93,n5_2[1]
1,93,n6
1,93,n6_1[1]
1,93,n6_2[1]
1,94,n2_2[2]
1,94,n3_2[2]
1,94,n1_2[2]
1,94,n4_2[2]
1,94,n5_2[2]
1,94,n6_2[2]
1,94,n1_1[2]
1,94,n4_1[2]
1,94,n2_1[2]
1,94,n3_1[2]
1,94,n5_1[2]
1,94,n6_1[2]
1,94,n1
1,94,n4
1,94,n2_1[1]
1,94,n3_1[1]
1,94,n2_2[1]
1,94,n3_2[1]
1,94,n2
1,94,n3
1,94,n1_1[1]
1,94,n4_1[1]
1,94,n1_2[1]
1,94,n4_2[1]
1,94,n5
1,94,n5_1[1]
1,94,n5_2[1]
1,94,n6
1,94,n6_1[1]
1,94,n6_2[1]
1,95,n1_2[2]
1,95,n4_2[2]
1,95,n2_2[2]
1,95,n3_2[2]
1,95,n5_2[2]
1,95,n6_2[2]
1,95,n1_1[2]
1,95,n4_1[2]
1,95,n2_1[2]
1,95,n3_1[2]
1,95,n5_1[2]
1,95,n6_1[2]
1,95,n2
1,95,n3
1,95,n1
1,95,n4
1,95,n1_1[1]
1,95,n4_1[1]
1,95,n2_1[1]
1,95,n3_1[1]
1,95,n2_2[1]
1,95,n3_2[1]
1,95,n1_2[1]
1,95,n4_2[1]
1,95,n5
1,95,n5_1[1]
1,95,n5_2[1]
1,95,n6
1,95,n6_1[1]
1,95,n6_2[1]
1,96,n1_2[2]
1,96,n4_2[2]
1,96,n2_2[2]
1,96,n3_2[2]
1,96,n5_2[2]
1,96,n6_2[2]
1,96,n2_1[2]
1,96,n3_1[2]
1,96,n1_1[2]
1,96,n4_1[2]
1,96,n5_1[2]
1,96,n6_1[2]
1,96,n2
1,96,n3
1,96,n1_1[1]
1,96,n4_1[1]
1,96,n1_2[1]
1,96,n4_2[1]
1,96,n1
1,96,n4
1,96,n2_1[1]
1,96,n3_1[1]
1,96,n2_2[1]
1,96,n3_2[1]
1,96,n5
1,96,n5_1[1]
1,96,n5_2[1]
1,96,n6
1,96,n6_1[1]
1,96,n6_2[1]
1,97,n2_2[2]
1,97,n3_2[2]
1,97,n1_2[2]
1,97,n4_2[2]
1,97,n5_2[2]
1,97,n6_2[2]
1,97,n2_1[2]
1,97,n3_1[2]
1,97,n1_1[2]
1,97,n4_1[2]
1,97,n5_1[2]
1,97,n6_1[2]
1,97,n1
1,97,n4
1,97,n2
1,97,n3
1,97,n2_1[1]
1,97,n3_1[1]
1,97,n1_1[1]
1,97,n4_1[1]
1,97,n1_2[1]
1,97,n4_2[1]
1,97,n2_2[1]
1,97,n3_2[1]
1,97,n5
1,97,n5_1[1]
1,97,n5_2[1]
1,97,n6
1,97,n6_1[1]
1,97,n6_2[1]
1,98,n2_2[2]
1,98,n3_2[2]
1,98,n1_2[2]
1,98,n4_2[2]
1,98,n5_2[2]
1,98,n6_2[2]
1,98,n1_1[2]
1,98,n4_1[2]
1,98,n2_1[2]
1,98,n3_1[2]
1,98,n5_1[2]
1,98,n6_1[2]
1,98,n1
1,98,n4
1,98,n2_1[1]
1,98,n3_1[1]
1,98,n2_2[1]
1,98,n3_2[1]
1,98,n2
1,98,n3
1,98,n1_1[1]
1,98,n4_1[1]
1,98,n1_2[1]
1,98,n4_2[1]
1,98,n5
1,98,n5_1[1]
1,98,n5_2[1]
1,98,n6
1,98,n6_1[1]
1,98,n6_2[1]
1,99,n1_2[2]
1,99,n4_2[2]
1,99,n2_2[2]
1,99,n3_2[2]
1,99,n5_2[2]
1,99,n6_2[2]
1,99,n1_1[2]
1,99,n4_1[2]
1,99,n2_1[2]
1,99,n3_1[2]
1,99,n5_1[2]
1,99,n6_1[2]
1,99,n2
1,99,n3
1,99,n1
1,99,n4
1,99,n1_1[1]
1,99,n4_1[1]
1,99,n2_1[1]
1,99,n3_1[1]
1,99,n2_2[1]
1,99,n3_2[1]
1,99,n1_2[1]
1,99,n4_2[1]
1,99,n5
1,99,n5_1[1]
1,99,n5_2[1]
1,99,n6
1,99,n6_1[1]
1,99,n6_2[1]
1,100,n1_2[2]
1,100,n4_2[2]
1,100,n2_2[2]
1,100,n3_2[2]
1,100,n5_2[2]
1,100,n6_2[2]
1,100,n2_1[2]
1,100,n3_1[2]
1,100,n1_1[2]
1,100,n4_1[2]
1,100,n5_1[2]
1,100,n6_1[2]
1,100,n2
1,100,n3
1,100,n1_1[1]
1,100,n4_1[1]
1,100,n1_2[1]
1,100,n4_2[1]
1,100,n1
1,100,n4
1,100,n2_1[1]
1,100,n3_1[1]
1,100,n2_2[1]
1,100,n3_2[1]
1,100,n5
1,100,n5_1[1]
1,100,n5_2[1]
1,100,n6
1,100,n6_1[1]
1,100,n6_2[1]
1,101,n2_2[2]
1,101,n3_2[2]
1,101,n1_2[2]
1,101,n4_2[2]
1,101,n5_2[2]
1,101,n6_2[2]
1,101,n2_1[2]
1,101,n3_1[2]
1,101,n1_1[2]
1,101,n4_1[2]
1,101,n5_1[2]
1,101,n6_1[2]
1,101,n1
1,101,n4
1,101,n2
1,101,n3
1,101,n2_1[1]
1,101,n3_1[1]
1,101,n1_1[1]
1,101,n4_1[1]
1,101,n1_2[1]
1,101,n4_2[1]
1,101,n2_2[1]
1,101,n3_2[1]
1,101,n5
1,101,n5_1[1]
1,101,n5_2[1]
1,101,n6
1,101,n6_1[1]
1,101,n6_2[1]
1,102,n2_2[2]
1,102,n3_2[2]
1,102,n1_2[2]
1,102,n4_2[2]
1,102,n5_2[2]
1,102,n6_2[2]
1,102,n1_1[2]
1,102,n4_1[2]
1,102,n2_1[2]
1,102,n3_1[2]
1,102,n5_1[2]
1,102,n6_1[2]
1,102,n1
1,102,n4
1,102,n2_1[1]
1,102,n3_1[1]
1,102,n2_2[1]
1,102,n3_2[1]
1,102,n2
1,102,n3
1,102,n1_1[1]
1,102,n4_1[1]
1,102,n1_2[1]
1,102,n4_2[1]
1,102,n5
1,102,n5_1[1]
1,102,n5_2[1]
1,102,n6
1,102,n6_1[1]
1,102,n6_2[1]
1,103,n1_2[2]
1,103,n4_2[2]
1,103,n2_2[2]
1,103,n3_2[2]
1,103,n5_2[2]
1,103,n6_2[2]
1,103,n1_1[2]
1,103,n4_1[2]
1,103,n2_1[2]
1,103,n3_1[2]
1,103,n5_1[2]
1,103,n6_1[2]
1,103,n2
1,103,n3
1,103,n1
1,103,n4
1,103,n1_1[1]
1,103,n4_1[1]
1,103,n2_1[1]
1,103,n3_1[1]
1,103,n2_2[1]
1,103,n3_2[1]
1,103,n1_2[1]
1,103,n4_2[1]
1,103,n5
1,103,n5_1[1]
1,103,n5_2[1]
1,103,n6
1,103,n6_1[1]
1,103,n6_2[1]
1,104,n1_2[2]
1,104,n4_2[2]
1,104,n2_2[2]
1,104,n3_2[2]
1,104,n5_2[2]
1,104,n6_2[2]
1,104,n2_1[2]
1,104,n3_1[2]
1,104,n1_1[2]
1,104,n4_1[2]
1,104,n5_1[2]
1,104,n6_1[2]
1,104,n2
1,104,n3
1,104,n1_1[1]
1,104,n4_1[1]
1,104,n1_2[1]
1,104,n4_2[1]
1,104,n1
1,104,n4
1,104,n2_1[1]
1,104,n3_1[1]
1,104,n2_2[1]
1,104,n3_2[1]
1,104,n5
1,104,n5_1[1]
1,104,n5_2[1]
1,104,n6
1,104,n6_1[1]
1,104,n6_2[1]
1,105,n2_2[2]
1,105,n3_2[2]
1,105,n1_2[2]
1,105,n4_2[2]
1,105,n5_2[2]
1,105,n6_2[2]
1,105,n2_1[2]
1,105,n3_1[2]
1,105,n1_1[2]
1,105,n4_1[2]
1,105,n5_1[2]
1,105,n6_1[2]
1,105,n1
1,105,n4
1,105,n2
1,105,n3
1,105,n2_1[1]
1,105,n3_1[1]
1,105,n1_1[1]
1,105,n4_1[1]
1,105,n1_2[1]
1,105,n4_2[1]
1,105,n2_2[1]
1,105,n3_2[1]
1,105,n5
1,105,n5_1[1]
1,105,n5_2[1]
1,105,n6
1,105,n6_1[1]
1,105,n6_2[1]
1,106,n2_2[2]
1,106,n3_2[2]
1,106,n1_2[2]
1,106,n4_2[2]
1,106,n5_2[2]
1,106,n6_2[2]
1,106,n1_1[2]
1,106,n4_1[2]
1,106,n2_1[2]
1,106,n3_1[2]
1,106,n5_1[2]
1,106,n6_1[2]
1,106,n1
1,106,n4
1,106,n2_1[1]
1,106,n3_1[1]
1,106,n2_2[1]
1,106,n3_2[1]
1,106,n2
1,106,n3
1,106,n1_1[1]
1,106,n4_1[1]
1,106,n1_2[1]
1,106,n4_2[1]
1,106,n5
1,106,n5_1[1]
1,106,n5_2[1]
1,106,n6
1,106,n6_1[1]
1,106,n6_2[1]
1,107,n1_2[2]
1,107,n4_2[2]
1,107,n2_2[2]
1,107,n3_2[2]
1,107,n5_2[2]
1,107,n6_2[2]
1,107,n1_1[2]
1,107,n4_1[2]
1,107,n2_1[2]
1,107,n3_1[2]
1,107,n5_1[2]
1,107,n6_1[2]
1,107,n2
1,107,n3
1,107,n1
1,107,n4
1,107,n1_1[1]
1,107,n4_1[1]
1,107,n2_1[1]
1,107,n3_1[1]
1,107,n2_2[1]
1,107,n3_2[1]
1,107,n1_2[1]
1,107,n4_2[1]
1,107,n5
1,107,n5_1[1]
1,107,n5_2[1]
1,107,n6
1,107,n6_1[1]
1,107,n6_2[1]
1,108,n1_2[2]
1,108,n4_2[2]
1,108,n2_2[2]
1,108,n3_2[2]
1,108,n5_2[2]
1,108,n6_2[2]
1,108,n2_1[2]
1,108,n3_1[2]
1,108,n1_1[2]
1,108,n4_1[2]
1,108,n5_1[2]
1,108,n6_1[2]
1,108,n2
1,108,n3
1,108,n1_1[1]
1,108,n4_1[1]
1,108,n1_2[1]
1,108,n4_2[1]
1,108,n1
1,108,n4
1,108,n2_1[1]
1,108,n3_1[1]
1,108,n2_2[1]
1,108,n3_2[1]
1,108,n5
1,108,n5_1[1]
1,108,n5_2[1]
1,108,n6
1,108,n6_1[1]
1,108,n6_2[1]
1,109,n2_2[2]
1,109,n3_2[2]
1,109,n1_2[2]
1,109,n4_2[2]
1,109,n5_2[2]
1,109,n6_2[2]
1,109,n2_1[2]
1,109,n3_1[2]
1,109,n1_1[2]
1,109,n4_1[2]
1,109,n5_1[2]
1,109,n6_1[2]
1,109,n1
1,109,n4
1,109,n2
1,109,n3
1,109,n2_1[1]
1,109,n3_1[1]
1,109,n1_1[1]
1,109,n4_1[1]
1,109,n1_2[1]
1,109,n4_2[1]
1,109,n2_2[1]
1,109,n3_2[1]
1,109,n5
1,109,n5_1[1]
1,109,n5_2[1]
1,109,n6
1,109,n6_1[1]
1,109,n6_2[1]
1,110,n2_2[2]
1,110,n3_2[2]
1,110,n1_2[2]
1,110,n4_2[2]
1,110,n5_2[2]
1,110,n6_2[2]
1,110,n1_1[2]
1,110,n4_1[2]
1,110,n2_1[2]
1,110,n3_1[2]
1,110,n5_1[2]
1,110,n6_1[2]
1,110,n1
1,110,n4
1,110,n2_1[1]
1,110,n3_1[1]
1,110,n2_2[1]
1,110,n3_2[1]
1,110,n2
1,110,n3
1,110,n1_1[1]
1,110,n4_1[1]
1,110,n1_2[1]
1,110,n4_2[1]
1,110,n5
1,110,n5_1[1]
1,110,n5_2[1]
1,110,n6
1,110,n6_1[1]
1,110,n6_2[1]
1,111,n1_2[2]
1,111,n4_2[2]
1,111,n2_2[2]
1,111,n3_2[2]
1,111,n5_2[2]
1,111,n6_2[2]
1,111,n1_1[2]
1,111,n4_1[2]
1,111,n2_1[2]
1,111,n3_1[2]
1,111,n5_1[2]
1,111,n6_1[2]
1,111,n2
1,111,n3
1,111,n1
1,111,n4
1,111,n1_1[1]
1,111,n4_1[1]
1,111,n2_1[1]
1,111,n3_1[1]
1,111,n2_2[1]
1,111,n3_2[1]
1,111,n1_2[1]
1,111,n4_2[1]
1,111,n5
1,111,n5_1[1]
1,111,n5_2[1]
1,111,n6
1,111,n6_1[1]
1,111,n6_2[1]
1,112,n1_2[2]
1,112,n4_2[2]
1,112,n2_2[2]
1,112,n3_2[2]
1,112,n5_2[2]
1,112,n6_2[2]
1,112,n2_1[2]
1,112,n3_1[2]
1,112,n1_1[2]
1,112,n4_1[2]
1,112,n5_1[2]
1,112,n6_1[2]
1,112,n2
1,112,n3
1,112,n1_1[1]
1,112,n4_1[1]
1,112,n1_2[1]
1,112,n4_2[1]
1,112,n1
1,112,n4
1,112,n2_1[1]
1,112,n3_1[1]
1,112,n2_2[1]
1,112,n3_2[1]
1,112,n5
1,112,n5_1[1]
1,112,n5_2[1]
1,112,n6
1,112,n6_1[1]
1,112,n6_2[1]
1,113,n2_2[2]
1,113,n3_2[2]
1,113,n1_2[2]
1,113,n4_2[2]
1,113,n5_2[2]
1,113,n6_2[2]
1,113,n2_1[2]
1,113,n3_1[2]
1,113,n1_1[2]
1,113,n4_1[2]
1,113,n5_1[2]
1,113,n6_1[2]
1,113,n1
1,113,n4
1,113,n2
1,113,n3
1,113,n2_1[1]
1,113,n3_1[1]
1,113,n1_1[1]
1,113,n4_1[1]
1,113,n1_2[1]
1,113,n4_2[1]
1,113,n2_2[1]
1,113,n3_2[1]
1,113,n5
1,113,n5_1[1]
1,113,n5_2[1]
1,113,n6
1,113,n6_1[1]
1,113,n6_2[1]
1,114,n2_2[2]
1,114,n3_2[2]
1,114,n1_2[2]
1,114,n4_2[2]
1,114,n5_2[2]
1,114,n6_2[2]
1,114,n1_1[2]
1,114,n4_1[2]
1,114,n2_1[2]
1,114,n3_1[2]
1,114,n5_1[2]
1,114,n6_1[2]
1,114,n1
1,114,n4
1,114,n2_1[1]
1,114,n3_1[1]
1,114,n2_2[1]
1,114,n3_2[1]
1,114,n2
1,114,n3
1,114,n1_1[1]
1,114,n4_1[1]
1,114,n1_2[1]
1,114,n4_2[1]
1,114,n5
1,114,n5_1[1]
1,114,n5_2[1]
1,114,n6
1,114,n6_1[1]
1,114,n6_2[1]
1,115,n1_2[2]
1,115,n4_2[2]
1,115,n2_2[2]
1,115,n3_2[2]
1,115,n5_2[2]
1,115,n6_2[2]
1,115,n1_1[2]
1,115,n4_1[2]
1,115,n2_1[2]
1,115,n3_1[2]
1,115,n5_1[2]
1,115,n6_1[2]
1,115,n2
1,115,n3
1,115,n1
1,115,n4
1,115,n1_1[1]
1,115,n4_1[1]
1,115,n2_1[1]
1,115,n3_1[1]
1,115,n2_2[1]
1,115,n3_2[1]
1,115,n1_2[1]
1,115,n4_2[1]
1,115,n5
1,115,n5_1[1]
1,115,n5_2[1]
1,115,n6
1,115,n6_1[1]
1,115,n6_2[1]
1,116,n1_2[2]
1,116,n4_2[2]
1,116,n2_2[2]
1,116,n3_2[2]
1,116,n5_2[2]
1,116,n6_2[2]
1,116,n2_1[2]
1,116,n3_1[2]
1,116,n1_1[2]
1,116,n4_1[2]
1,116,n5_1[2]
1,116,n6_1[2]
1,116,n2
1,116,n3
1,116,n1_1[1]
1,116,n4_1[1]
1,116,n1_2[1]
1,116,n4_2[1]
1,116,n1
1,116,n4
1,116,n2_1[1]
1,116,n3_1[1]
1,116,n2_2[1]
1,116,n3_2[1]
1,116,n5
1,116,n5_1[1]
1,116,n5_2[1]
1,116,n6
1,116,n6_1[1]
1,116,n6_2[1]
1,117,n2_2[2]
1,117,n3_2[2]
1,117,n1_2[2]
1,117,n4_2[2]
1,117,n5_2[2]
1,117,n6_2[2]
1,117,n2_1[2]
1,117,n3_1[2]
1,117,n1_1[2]
1,117,n4_1[2]
1,117,n5_1[2]
1,117,n6_1[2]
1,117,n1
1,117,n4
1,117,n2
1,117,n3
1,117,n2_1[1]
1,117,n3_1[1]
1,117,n1_1[1]
1,117,n4_1[1]
1,117,n1_2[1]
1,117,n4_2[1]
1,117,n2_2[1]
1,117,n3_2[1]
1,117,n5
1,117,n5_1[1]
1,117,n5_2[1]
1,117,n6
1,117,n6_1[1]
1,117,n6_2[1]
1,118,n2_2[2]
1,118,n3_2[2]
1,118,n1_2[2]
1,118,n4_2[2]
1,118,n5_2[2]
1,118,n6_2[2]
1,118,n1_1[2]
1,118,n4_1[2]
1,118,n2_1[2]
1,118,n3_1[2]
1,118,n5_1[2]
1,118,n6_1[2]
1,118,n1
1,118,n4
1,118,n2_1[1]
1,118,n3_1[1]
1,118,n2_2[1]
1,118,n3_2[1]
1,118,n2
1,118,n3
1,118,n1_1[1]
1,118,n4_1[1]
1,118,n1_2[1]
1,118,n4_2[1]
1,118,n5
1,118,n5_1[1]
1,118,n5_2[1]
1,118,n6
1,118,n6_1[1]
1,118,n6_2[1]
1,119,n1_2[2]
1,119,n4_2[2]
1,119,n2_2[2]
1,119,n3_2[2]
1,119,n5_2[2]
1,119,n6_2[2]
1,119,n1_1[2]
1,119,n4_1[2]
1,119,n2_1[2]
1,119,n3_1[2]
1,119,n5_1[2]
1,119,n6_1[2]
1,119,n2
1,119,n3
1,119,n1
1,119,n4
1,119,n1_1[1]
1,119,n4_1[1]
1,119,n2_1[1]
1,119,n3_1[1]
1,119,n2_2[1]
1,119,n3_2[1]
1,119,n1_2[1]
1,119,n4_2[1]
1,119,n5
1,119,n5_1[1]
1,119,n5_2[1]
1,119,n6
1,119,n6_1[1]
1,119,n6_2[1]
1,120,n1_2[2]
1,120,n4_2[2]
1,120,n2_2[2]
1,120,n3_2[2]
1,120,n5_2[2]
1,120,n6_2[2]
1,120,n2_1[2]
1,120,n3_1[2]
1,120,n1_1[2]
1,120,n4_1[2]
1,120,n5_1[2]
1,120,n6_1[2]
1,120,n2
1,120,n3
1,120,n1_1[1]
1,120,n4_1[1]
1,120,n1_2[1]
1,120,n4_2[1]
1,120,n1
1,120,n4
1,120,n2_1[1]
1,120,n3_1[1]
1,120,n2_2[1]
1,120,n3_2[1]
1,120,n5
1,120,n5_1[1]
1,120,n5_2[1]
1,120,n6
1,120,n6_1[1]
1,120,n6_2[1]
1,121,n2_2[2]
1,121,n3_2[2]
1,121,n1_2[2]
1,121,n4_2[2]
1,121,n5_2[2]
1,121,n6_2[2]
1,121,n2_1[2]
1,121,n3_1[2]
1,121,n1_1[2]
1,121,n4_1[2]
1,121,n5_1[2]
1,121,n6_1[2]
1,121,n1
1,121,n4
1,121,n2
1,121,n3
1,121,n2_1[1]
1,121,n3_1[1]
1,121,n1_1[1]
1,121,n4_1[1]
1,121,n1_2[1]
1,121,n4_2[1]
1,121,n2_2[1]
1,121,n3_2[1]
1,121,n5
1,121,n5_1[1]
1,121,n5_2[1]
1,121,n6
1,121,n6_1[1]
1,121,n6_2[1]